playerName,team,position,primaryMetric,role,roleSource,identityMatched,identityEligible,identityWeight,careerState,careerFlags,contractStatus,officialPerGame,identityPerGame,candidatePerGame,officialProjection,candidateProjection,delta,actualGames,identityProjectedGames,candidateRemainingGames,productionChanged
Matthew Stafford,LAR,QB,passingYards,STARTER,current regular-season usage + depth-chart evidence,True,True,0.950000,ESTABLISHED,LATE_CAREER|ESTABLISHED_STAR_EVIDENCE,UNKNOWN,177.700000,262.985190,258.720931,3389.000000,4249.883725,860.883725,2.000000,16.320000,14.320000,False
Brock Bowers,LV,WR,receivingYards,UNCERTAIN,uncertain fallback because no verified depth source was available,False,False,0.000000,,,,28.300000,,28.300000,569.000000,569.000000,0.000000,1.000000,,16.000000,False
Jared Goff,DET,QB,passingYards,STARTER,current regular-season usage + depth-chart evidence,True,True,0.920000,PEAK,,UNKNOWN,130.100000,267.822914,256.805081,2557.000000,4278.161009,1721.161009,2.000000,16.809524,14.809524,False
Caleb Williams,CHI,QB,passingYards,STARTER,Ourlads depth chart,True,True,0.900000,ASCENDING,,UNKNOWN,113.700000,230.965370,219.238833,2009.000000,3623.354145,1614.354145,1.000000,16.478261,15.300000,False
Baker Mayfield,TB,QB,passingYards,STARTER,current regular-season usage + depth-chart evidence,True,True,0.900000,ESTABLISHED,,UNKNOWN,124.400000,235.125097,224.052587,2424.000000,3751.112169,1327.112169,2.000000,16.809524,14.809524,False
Justin Herbert,LAC,QB,passingYards,STARTER,current regular-season usage + depth-chart evidence,True,True,0.900000,ESTABLISHED,,UNKNOWN,122.400000,233.559066,222.443159,2394.000000,3522.741059,1128.741059,2.000000,15.881034,13.881034,False
Dak Prescott,DAL,QB,passingYards,STARTER,current regular-season usage + depth-chart evidence,True,True,0.920000,PEAK,,UNKNOWN,127.600000,259.505498,248.953058,2492.000000,3607.171604,1115.171604,2.000000,14.677778,12.677778,False
Josh Allen,BUF,QB,passingYards,STARTER,current regular-season usage + depth-chart evidence,True,True,0.900000,ESTABLISHED,,UNKNOWN,139.700000,234.816196,225.304576,2773.000000,3719.411469,946.411469,2.000000,16.120492,14.120492,False
Geno Smith,NYJ,QB,passingYards,STARTER,current regular-season usage + depth-chart evidence,True,True,0.900000,ESTABLISHED,RECENT_TEAM_CHANGE,UNKNOWN,132.800000,227.183474,217.745127,2662.000000,3470.761413,808.761413,2.000000,15.477966,13.477966,False
Trevor Lawrence,JAX,QB,passingYards,STARTER,current regular-season usage + depth-chart evidence,True,True,0.900000,ESTABLISHED,,UNKNOWN,134.500000,228.326763,218.944087,2579.000000,3230.479411,651.479411,2.000000,14.804545,12.804545,False
Puka Nacua,LAR,WR,receivingYards,STARTER,Ourlads depth chart,True,True,0.950000,ASCENDING,ESTABLISHED_STAR_EVIDENCE,UNKNOWN,47.800000,98.641288,96.099224,825.000000,1392.961844,567.961844,1.000000,14.725000,13.725000,False
Jordan Love,GB,QB,passingYards,STARTER,current regular-season usage + depth-chart evidence,True,True,0.900000,ESTABLISHED,,UNKNOWN,156.100000,229.813623,222.442261,3196.000000,3689.151839,493.151839,2.000000,15.442373,13.442373,False
Jaxon Smith-Njigba,SEA,WR,receivingYards,STARTER,Ourlads depth chart,True,True,0.950000,ASCENDING,ESTABLISHED_STAR_EVIDENCE,UNKNOWN,63.300000,88.447998,87.190598,1134.000000,1483.834137,349.834137,1.000000,16.619048,15.619048,False
Amon-Ra St. Brown,DET,WR,receivingYards,STARTER,current regular-season usage + depth-chart evidence,True,True,0.950000,PEAK,ESTABLISHED_STAR_EVIDENCE,UNKNOWN,50.900000,79.859744,78.411757,900.000000,1222.338083,322.338083,2.000000,16.491935,14.491935,False
George Pickens,DAL,WR,receivingYards,STARTER,current regular-season usage + depth-chart evidence,True,True,0.950000,PEAK,ESTABLISHED_STAR_EVIDENCE|RECENT_TEAM_CHANGE,UNKNOWN,43.600000,72.610607,71.160077,808.000000,1097.701864,289.701864,2.000000,15.880000,13.880000,False
Ja'Marr Chase,CIN,WR,receivingYards,STARTER,current regular-season usage + depth-chart evidence,True,True,0.950000,PEAK,ESTABLISHED_STAR_EVIDENCE,UNKNOWN,57.600000,86.387297,84.947932,1032.000000,1303.031015,271.031015,2.000000,16.044262,14.044262,False
Kyle Pitts Sr.,ATL,TE,receivingYards,STARTER,Ourlads depth chart,True,True,0.950000,ASCENDING,ESTABLISHED_STAR_EVIDENCE,UNKNOWN,32.900000,49.681830,48.842738,527.000000,781.483816,254.483816,0.000000,16.619048,16.000000,False
Jaylen Waddle,DEN,WR,receivingYards,STARTER,Ourlads depth chart,True,True,0.900000,ESTABLISHED,,UNKNOWN,32.300000,56.006570,53.635913,527.000000,777.840413,250.840413,1.000000,15.315789,14.315789,False
Jerry Jeudy,CLE,WR,receivingYards,STARTER,Ourlads depth chart,True,True,0.900000,ESTABLISHED,,UNKNOWN,29.900000,47.982701,46.174431,505.000000,741.331282,236.331282,1.000000,16.491935,15.491935,False
