season,position,checkpoint,historyEnabled,rateFeatureCount,selectedAvailabilityStrategy,availabilityFeatureCount,validationBlocks,validationMae,validationGamesMae
2014,QB,4,True,13,full_available,0,1,1115.6764705882354,3.176470588235294
2015,QB,4,True,13,prior_availability,1,2,818.180528589396,2.4680164319248825
2016,QB,4,True,13,current_availability,1,3,777.7720108114338,2.385802469135802
2017,QB,4,True,13,current_availability,1,4,728.7921819879825,2.228438228438228
2018,QB,4,True,13,current_availability,1,5,731.3049728096438,2.2323809523809524
2019,QB,4,True,13,current_availability,1,6,752.8750470484689,2.3064770932069507
2020,QB,4,True,13,health_knn,13,7,767.530999719544,2.6942466688421716
2021,QB,4,True,13,health_knn,13,8,764.8334212275383,2.699340071407164
2022,QB,4,True,13,health_knn,13,9,749.444718790277,2.60178029134098
2023,QB,4,True,13,health_knn,13,10,745.7788017156788,2.6131484910174465
2024,QB,4,True,13,health_knn,13,11,751.6879149009893,2.633417397857839
2025,QB,4,True,13,health_knn,13,12,758.710194315505,2.6655798986696
2014,QB,8,True,13,full_available,0,1,775.8751937984496,2.5813953488372094
2015,QB,8,True,13,health_knn,13,2,564.3442333092004,2.1327783659897777
2016,QB,8,True,13,current_availability,1,3,570.5517468866586,1.9302071973827697
2017,QB,8,True,13,current_availability,1,4,538.3399953984249,1.8125516102394714
2018,QB,8,True,13,current_availability,1,5,541.9574619423546,1.8157543391188253
2019,QB,8,True,13,current_availability,1,6,537.9658656099633,1.7619047619047619
2020,QB,8,True,13,current_availability,1,7,552.4953805338913,1.7897754419493548
2021,QB,8,True,13,current_availability,1,8,556.2229881068541,1.799081035923141
2022,QB,8,True,13,health_knn,13,9,550.6302337628234,2.0133340807452806
2023,QB,8,True,13,health_knn,13,10,548.1205333988723,2.0063795970086002
2024,QB,8,True,13,health_knn,13,11,552.4797221193114,2.0645031589220535
2025,QB,8,True,13,health_knn,13,12,555.599363527358,2.0895500925563364
2014,QB,12,False,0,full_available,0,1,419.47513031186503,1.7755102040816326
2015,QB,12,False,0,health_knn,13,2,301.68117238733885,1.1263509732196386
2016,QB,12,False,0,health_knn,13,3,320.7122380918942,1.1604549211807607
2017,QB,12,False,0,health_knn,13,4,312.6903107808104,1.1189132846368957
2018,QB,12,False,0,health_knn,13,5,307.75366985444094,1.120416177130752
2019,QB,12,False,0,current_availability,1,6,326.3525111252384,1.086670904852723
2020,QB,12,False,0,current_availability,1,7,323.7069199457259,1.074265038444143
2021,QB,12,False,0,current_availability,1,8,325.8694272568618,1.0836109788989368
2022,QB,12,False,0,current_availability,1,9,326.5192645714688,1.1124586936651901
2023,QB,12,False,0,current_availability,1,10,330.0633320654241,1.1420692278432867
2024,QB,12,False,0,current_availability,1,11,337.6099914236707,1.1952115494568325
2025,QB,12,False,0,health_knn,13,12,340.5063536753419,1.3337483459374777
2014,RB,4,True,13,full_available,0,1,271.5657894736842,2.1578947368421053
2015,RB,4,True,13,health_knn,13,2,251.65224058596868,2.3097065511670163
2016,RB,4,True,13,health_knn,13,3,258.4505286032265,2.4808646709208544
2017,RB,4,True,13,health_knn,13,4,257.2902714261759,2.5295298169152396
2018,RB,4,True,13,health_knn,13,5,260.34304455439974,2.584560908801099
2019,RB,4,True,13,health_knn,13,6,253.38040535591452,2.5269856999728937
2020,RB,4,True,13,health_knn,13,7,248.84704658888796,2.5010699931536915
2021,RB,4,True,13,health_knn,13,8,240.73857649825948,2.4595878088017606
2022,RB,4,True,13,health_knn,13,9,240.96162129160587,2.447246209558824
2023,RB,4,True,13,health_knn,13,10,246.22758962501211,2.472745837570898
2024,RB,4,True,13,health_knn,13,11,242.2053253452945,2.4904606277400907
2025,RB,4,True,13,health_knn,13,12,242.5222282387792,2.445715776423334
2014,RB,8,True,13,full_available,0,1,172.86285714285714,1.82
2015,RB,8,False,0,current_availability,1,2,164.64377388594204,1.6923620933521923
2016,RB,8,False,0,current_availability,1,3,168.26787903250803,1.8074739829706719
2017,RB,8,False,0,health_knn,13,4,165.34463565969156,1.9709344557883024
2018,RB,8,False,0,health_knn,13,5,169.2107306512668,1.981893299561934
2019,RB,8,False,0,health_knn,13,6,169.5420076159898,1.9695377614673808
2020,RB,8,False,0,health_knn,13,7,170.16268531329945,1.9508843659105346
2021,RB,8,False,0,health_knn,13,8,167.31044029317758,1.9502133028099813
2022,RB,8,False,0,health_knn,13,9,170.2289628889694,1.9481978230054762
2023,RB,8,False,0,health_knn,13,10,170.40700073233796,1.9760456928005976
2024,RB,8,False,0,health_knn,13,11,167.5246424645006,1.9802596662117349
2025,RB,8,False,0,health_knn,13,12,165.54268618193083,1.9548584259929442
2014,RB,12,False,0,full_available,0,1,100.6357861048228,1.18348623853211
2015,RB,12,False,0,current_availability,1,2,87.36725663716814,1.0772325020112632
2016,RB,12,False,0,current_availability,1,3,93.29959294436907,1.1272727272727272
2017,RB,12,False,0,current_availability,1,4,94.06826655819943,1.1347027320181682
2018,RB,12,False,0,current_availability,1,5,94.88350900307422,1.1215963987703117
2019,RB,12,False,0,health_knn,13,6,97.15649876779857,1.2836475577347308
2020,RB,12,False,0,health_knn,13,7,97.59128919880321,1.276117357167858
2021,RB,12,False,0,health_knn,13,8,97.39396737220412,1.2790656320621332
2022,RB,12,False,0,health_knn,13,9,99.01658347404306,1.3018822179772602
2023,RB,12,False,0,health_knn,13,10,99.9646857801596,1.3265526921309923
2024,RB,12,False,0,health_knn,13,11,99.37616696412708,1.3389803520898382
2025,RB,12,False,0,health_knn,13,12,99.38113579150873,1.3348776280046404
2014,TE,4,True,13,full_available,0,1,174.02,2.72
2015,TE,4,True,13,health_knn,13,2,149.6832641433292,2.264855496608994
2016,TE,4,True,13,health_knn,13,3,145.099086085861,2.239238155796839
2017,TE,4,True,13,health_knn,13,4,137.20692287057594,2.2879287988826786
2018,TE,4,True,13,health_knn,13,5,129.64960803626417,2.260049316666422
2019,TE,4,True,13,health_knn,13,6,132.0242123544081,2.3454387776813896
2020,TE,4,True,13,health_knn,13,7,132.98648818224683,2.3834561840038058
2021,TE,4,True,13,health_knn,13,8,131.50474500370177,2.3786016924848936
2022,TE,4,True,13,health_knn,13,9,130.08316401525087,2.4186291313220423
2023,TE,4,True,13,health_knn,13,10,131.25504024461102,2.4260733403668473
2024,TE,4,True,13,health_knn,13,11,132.75701928273756,2.3902154279937147
2025,TE,4,True,13,health_knn,13,12,135.40602167502084,2.369770835068363
2014,TE,8,True,13,full_available,0,1,111.33962053571429,2.375
2015,TE,8,True,13,health_knn,13,2,89.5146009161405,1.6360422418586011
2016,TE,8,True,13,health_knn,13,3,89.02576218481107,1.7832728165422969
2017,TE,8,True,13,health_knn,13,4,89.39133449591819,1.7831903166405632
2018,TE,8,True,13,health_knn,13,5,85.10416321576251,1.7628835853266398
2019,TE,8,True,13,health_knn,13,6,85.52119687114424,1.8242607015730574
2020,TE,8,True,13,health_knn,13,7,85.81853443680424,1.8624368629320436
2021,TE,8,True,13,health_knn,13,8,83.45037011347802,1.8876404272533167
2022,TE,8,True,13,health_knn,13,9,83.36268288069695,1.918755526749721
2023,TE,8,True,13,health_knn,13,10,82.7793532397276,1.9224544356392155
2024,TE,8,True,13,health_knn,13,11,83.36508971070704,1.9068621855831511
2025,TE,8,True,13,health_knn,13,12,82.99326160665173,1.8877423770709916
2014,TE,12,False,0,full_available,0,1,64.61409916837549,1.6710526315789473
2015,TE,12,False,0,health_knn,13,2,49.145829830303654,1.135858033921565
2016,TE,12,False,0,health_knn,13,3,49.581139491433696,1.1837781372257017
2017,TE,12,False,0,health_knn,13,4,52.37908111335922,1.2252185499587618
2018,TE,12,False,0,health_knn,13,5,52.265065383796724,1.2141493788836863
2019,TE,12,True,13,health_knn,13,6,52.99138172186116,1.2490025805055989
2020,TE,12,False,0,health_knn,13,7,53.81615070195284,1.2891253906419662
2021,TE,12,False,0,health_knn,13,8,53.56378881702338,1.292953078788847
2022,TE,12,False,0,health_knn,13,9,54.07921372114026,1.3279745683808162
2023,TE,12,False,0,health_knn,13,10,53.55063647717082,1.3217271154343397
2024,TE,12,False,0,health_knn,13,11,54.083238154229186,1.3339339552425467
2025,TE,12,False,0,health_knn,13,12,54.216294719497206,1.3322571559395493
2014,WR,4,True,13,full_available,0,1,255.4090909090909,2.3636363636363638
2015,WR,4,True,13,health_knn,13,2,202.64952963811416,2.4272513792343626
2016,WR,4,True,13,health_knn,13,3,195.70426817813674,2.416360477991457
2017,WR,4,True,13,health_knn,13,4,192.76049627889705,2.3500645869555554
2018,WR,4,True,13,health_knn,13,5,186.22876223774446,2.2856403220238524
2019,WR,4,True,13,health_knn,13,6,184.15140576289897,2.321263473406783
2020,WR,4,True,13,health_knn,13,7,183.28917502976668,2.336928095809107
2021,WR,4,True,13,health_knn,13,8,180.66099235004398,2.3350312395011263
2022,WR,4,True,13,health_knn,13,9,181.2064702685231,2.357604059527464
2023,WR,4,True,13,health_knn,13,10,180.69458966972172,2.3949380176937773
2024,WR,4,True,13,health_knn,13,11,179.1601709294352,2.3766607370791286
2025,WR,4,True,13,health_knn,13,12,180.20544912223951,2.3858819352194933
2014,WR,8,True,13,full_available,0,1,153.25174379611,2.2253521126760565
2015,WR,8,True,13,health_knn,13,2,122.82473748295189,2.0229390275309056
2016,WR,8,True,13,health_knn,13,3,128.27062784478596,2.0254944355454523
2017,WR,8,True,13,health_knn,13,4,126.27871660544413,1.9694045101834408
2018,WR,8,True,13,health_knn,13,5,123.7323612758083,1.9284571746604917
2019,WR,8,True,13,health_knn,13,6,125.8287656241123,1.9448086948915941
2020,WR,8,True,13,health_knn,13,7,125.19014049165055,1.9627841447894105
2021,WR,8,True,13,health_knn,13,8,124.07770286159976,1.9519939530448085
2022,WR,8,True,13,health_knn,13,9,124.74671940182253,1.964560809444667
2023,WR,8,True,13,health_knn,13,10,124.0622579523895,1.9696880593221224
2024,WR,8,True,13,health_knn,13,11,122.35103747427418,1.9477504124629073
2025,WR,8,True,13,health_knn,13,12,124.22503595562856,1.9582408707860401
2014,WR,12,False,0,full_available,0,1,93.90652623682426,1.403973509933775
2015,WR,12,False,0,current_availability,1,2,75.48643815201191,1.0590163934426229
2016,WR,12,False,0,current_availability,1,3,75.72707806112517,1.1475569398481604
2017,WR,12,False,0,current_availability,1,4,75.25896201177099,1.0992752565786275
2018,WR,12,False,0,current_availability,1,5,73.9665541458115,1.0980483451674232
2019,WR,12,False,0,health_knn,13,6,76.50732507767461,1.2684643007667404
2020,WR,12,False,0,health_knn,13,7,76.21952499727172,1.2731510819298009
2021,WR,12,False,0,health_knn,13,8,76.22160293400471,1.2724167368044013
2022,WR,12,False,0,health_knn,13,9,76.73654285868834,1.286772423415082
2023,WR,12,False,0,health_knn,13,10,77.0895011099492,1.297997834687175
2024,WR,12,False,0,health_knn,13,11,76.48614461725988,1.2925531897409839
2025,WR,12,False,0,health_knn,13,12,76.80379635380052,1.3024812480701569
